{
  "summary": {
    "total_items": 8321,
    "item_families": 667,
    "families_analyzed": 667,
    "action_ids_with_scaling": 31
  },
  "scaling_by_action_id": {
    "20": {
      "action_id": 20,
      "samples": 659,
      "avg_ratio": 1.1340215774403157,
      "median_ratio": 1.099290780141844,
      "std_dev": 0.13184072203581598,
      "pattern": "Consistent",
      "all_ratios": [
        1.1573604060913705,
        0.9388888888888889,
        1.2233009708737863,
        1.1565217391304348,
        1.1900826446280992,
        1.2413793103448276,
        1.2574257425742574,
        1.1493506493506493,
        1.0210526315789474,
        1.1142857142857143
      ]
    },
    "26": {
      "action_id": 26,
      "samples": 54,
      "avg_ratio": 1.3841797406934864,
      "median_ratio": 1.337121212121212,
      "std_dev": 0.20918182253824602,
      "pattern": "Variable",
      "all_ratios": [
        2.0,
        1.4285714285714286,
        1.1,
        1.5833333333333333,
        1.4444444444444444,
        1.25,
        1.3333333333333333,
        1.4285714285714286,
        1.6,
        1.588235294117647
      ]
    },
    "39": {
      "action_id": 39,
      "samples": 18,
      "avg_ratio": 1.4626543209876544,
      "median_ratio": 1.4285714285714286,
      "std_dev": 0.23801001777429942,
      "pattern": "Variable",
      "all_ratios": [
        1.6666666666666667,
        1.6666666666666667,
        1.4285714285714286,
        1.5,
        1.6666666666666667,
        1.4285714285714286,
        2.0,
        1.4,
        1.4285714285714286,
        1.8
      ]
    },
    "71": {
      "action_id": 71,
      "samples": 6,
      "avg_ratio": 1.3464285714285715,
      "median_ratio": 1.35,
      "std_dev": 0.11497559634592917,
      "pattern": "Consistent",
      "all_ratios": [
        1.2,
        1.5,
        1.4,
        1.4285714285714286,
        1.25,
        1.3
      ]
    },
    "80": {
      "action_id": 80,
      "samples": 38,
      "avg_ratio": 1.1772289244837995,
      "median_ratio": 1.1538461538461537,
      "std_dev": 0.10209863682019378,
      "pattern": "Consistent",
      "all_ratios": [
        1.1666666666666667,
        1.0714285714285714,
        1.3333333333333333,
        1.2,
        1.25,
        1.125,
        1.1666666666666667,
        1.2,
        1.1333333333333333,
        1.0869565217391304
      ]
    },
    "82": {
      "action_id": 82,
      "samples": 90,
      "avg_ratio": 1.1923081860681963,
      "median_ratio": 1.1622807017543861,
      "std_dev": 0.14024363800381698,
      "pattern": "Consistent",
      "all_ratios": [
        1.3333333333333333,
        1.1282051282051282,
        1.2727272727272727,
        1.2222222222222223,
        1.1578947368421053,
        1.2727272727272727,
        1.1785714285714286,
        1.12,
        1.125,
        1.297872340425532
      ]
    },
    "83": {
      "action_id": 83,
      "samples": 82,
      "avg_ratio": 1.1742846686784472,
      "median_ratio": 1.1478174603174602,
      "std_dev": 0.15047863979207202,
      "pattern": "Variable",
      "all_ratios": [
        1.118421052631579,
        1.3333333333333333,
        1.1818181818181819,
        1.2727272727272727,
        1.2222222222222223,
        1.368421052631579,
        1.1785714285714286,
        1.2894736842105263,
        1.0263157894736843,
        1.0263157894736843
      ]
    },
    "84": {
      "action_id": 84,
      "samples": 86,
      "avg_ratio": 1.1824676411373165,
      "median_ratio": 1.1400560224089635,
      "std_dev": 0.14886847601893197,
      "pattern": "Consistent",
      "all_ratios": [
        1.118421052631579,
        1.1282051282051282,
        1.1818181818181819,
        1.1290322580645162,
        1.2727272727272727,
        1.2222222222222223,
        1.1578947368421053,
        1.368421052631579,
        1.1785714285714286,
        1.0263157894736843
      ]
    },
    "85": {
      "action_id": 85,
      "samples": 88,
      "avg_ratio": 1.1564453035618039,
      "median_ratio": 1.1363636363636365,
      "std_dev": 0.09193974084039466,
      "pattern": "Consistent",
      "all_ratios": [
        1.3333333333333333,
        1.1282051282051282,
        1.1818181818181819,
        1.1290322580645162,
        1.1578947368421053,
        1.368421052631579,
        1.1785714285714286,
        1.2894736842105263,
        1.0263157894736843,
        1.0263157894736843
      ]
    },
    "120": {
      "action_id": 120,
      "samples": 30,
      "avg_ratio": 1.2604835830934966,
      "median_ratio": 1.248627316403569,
      "std_dev": 0.11655213724393765,
      "pattern": "Consistent",
      "all_ratios": [
        1.5,
        1.0909090909090908,
        1.2083333333333333,
        1.5789473684210527,
        1.263157894736842,
        1.3170731707317074,
        1.4583333333333333,
        1.3,
        1.3,
        1.3137254901960784
      ]
    },
    "149": {
      "action_id": 149,
      "samples": 127,
      "avg_ratio": 1.3708284432826432,
      "median_ratio": 1.328125,
      "std_dev": 0.23791096937575046,
      "pattern": "Variable",
      "all_ratios": [
        1.3333333333333333,
        1.6666666666666667,
        1.4,
        1.75,
        1.2,
        1.375,
        1.6,
        1.5,
        1.3333333333333333,
        1.5
      ]
    },
    "150": {
      "action_id": 150,
      "samples": 178,
      "avg_ratio": 1.3260767790262171,
      "median_ratio": 1.25,
      "std_dev": 0.16806152199867047,
      "pattern": "Variable",
      "all_ratios": [
        1.5,
        1.5,
        1.5,
        2.0,
        1.5,
        1.5,
        1.5,
        1.5,
        1.5,
        1.5
      ]
    },
    "173": {
      "action_id": 173,
      "samples": 269,
      "avg_ratio": 1.2210519145588523,
      "median_ratio": 1.2,
      "std_dev": 0.13334231418192488,
      "pattern": "Consistent",
      "all_ratios": [
        1.1666666666666667,
        1.15625,
        1.2222222222222223,
        1.2,
        1.2222222222222223,
        1.3333333333333333,
        1.3333333333333333,
        1.4285714285714286,
        1.25,
        1.4
      ]
    },
    "175": {
      "action_id": 175,
      "samples": 329,
      "avg_ratio": 1.2201799406086709,
      "median_ratio": 1.188235294117647,
      "std_dev": 0.1461470464486318,
      "pattern": "Consistent",
      "all_ratios": [
        1.1666666666666667,
        1.0344827586206897,
        1.15625,
        1.2222222222222223,
        1.2352941176470589,
        1.2222222222222223,
        1.5,
        1.3333333333333333,
        1.4,
        1.25
      ]
    },
    "180": {
      "action_id": 180,
      "samples": 55,
      "avg_ratio": 1.4267924540797428,
      "median_ratio": 1.4,
      "std_dev": 0.21473850546660103,
      "pattern": "Variable",
      "all_ratios": [
        1.6666666666666667,
        1.5714285714285714,
        1.5,
        1.1818181818181819,
        1.6111111111111112,
        1.5,
        1.6923076923076923,
        2.0,
        1.9,
        1.5
      ]
    },
    "181": {
      "action_id": 181,
      "samples": 5,
      "avg_ratio": 1.1203288302095367,
      "median_ratio": 1.1732283464566928,
      "std_dev": 0.08628701958914943,
      "pattern": "Consistent",
      "all_ratios": [
        1.1764705882352942,
        1.1746724890829694,
        0.9772727272727273,
        1.1732283464566928,
        1.1
      ]
    },
    "875": {
      "action_id": 875,
      "samples": 75,
      "avg_ratio": 1.3717802676626205,
      "median_ratio": 1.3333333333333333,
      "std_dev": 0.2165989223165356,
      "pattern": "Variable",